{
  "project_info": {
    "project_number": "279903718460",
    "project_id": "auction-app-14b9b",
    "storage_bucket": "auction-app-14b9b.appspot.com"
  },
  "client": [
    {
      "client_info": {
        "mobilesdk_app_id": "1:279903718460:android:ae34c4ce1e4b7624190739",
        "android_client_info": {
          "package_name": "com.example.auctionapp"
        }
      },
      "oauth_client": [
        {
          "client_id": "279903718460-khr3p3n0iqd6c4u4r5pbtrebh7euirr0.apps.googleusercontent.com",
          "client_type": 3
        }
      ],
      "api_key": [
        {
          "current_key": "AIzaSyDaMD5VV5d7sWfdKZIfD8UrG7gJfUysAso"
        }
      ],
      "services": {
        "appinvite_service": {
          "other_platform_oauth_client": [
            {
              "client_id": "279903718460-khr3p3n0iqd6c4u4r5pbtrebh7euirr0.apps.googleusercontent.com",
              "client_type": 3
            }
          ]
        }
      }
    }
  ],
  "configuration_version": "1"
}